ID,firstName,lastName,rank_code,spaceship_ID,starDustCollection,traveledDistance,birthDay,lang_code,originPlanet_ID,email,createdAt,createdBy,modifiedAt,modifiedBy
13706886-b0b2-48ac-a8be-835261864601,Jasper,Steele,captain,28668806-9613-4716-bbcd-d08849a95869,76,84861.91,2010-04-24,hu,13355817-fdde-41b3-9826-a3b9703ac933,jasper.steele@aldiiisey.com,2020-04-17T23:00:00.000Z,createdBy.85sau@example.org,2012-11-18T23:00:00.000Z,modifiedBy.85sau@example.net
31304720-8291-41b9-b152-2718c48d9f81,Jasper,Price,captain,28668807-88b9-4236-bba9-2a41f6efdd28,13,77639.59,2000-10-08,fr,13355817-fdde-41b3-9826-a3b9703ac933,jasper.price@aldiiisey.com,2001-11-13T23:00:00.000Z,createdBy.imyvk@aldiiisey.com,2017-02-07T23:00:00.000Z,modifiedBy.imyvk@example.org
31304721-ae9e-4617-9852-08dd9edd30da,Sophia,Roberts,captain,28668808-a798-4da0-9658-20dab211ea36,49,98919.84,2017-06-23,de,13355817-fdde-41b3-9826-a3b9703ac933,Sophia.Roberts@aldiiisey.com,2003-05-29T23:00:00.000Z,createdBy.imyvl@aldiiisey.com,2012-09-15T23:00:00.000Z,modifiedBy.imyvl@example.org
31304722-78ea-4d41-8823-6ee01b2da90e,Luna,Estrada,captain,28668809-c653-4339-a60e-49757680dbb6,72,40084.73,2010-07-01,hu,13355817-fdde-41b3-9826-a3b9703ac933,Luna.Estrada@aldiiisey.com,2023-10-01T23:00:00.000Z,createdBy.imyvm@example.net,2005-07-04T23:00:00.000Z,modifiedBy.imyvm@example.org
31304723-2049-4d0d-aebb-c128239a3fbb,Journey,Scott,captain,28668810-18c0-4f3b-a3ab-ae635717e3b1,28,54768.16,2020-03-13,hu,13355817-fdde-41b3-9826-a3b9703ac933,Journey.Scott@aldiiisey.com,2008-01-04T23:00:00.000Z,createdBy.imyvn@example.org,2010-04-24T23:00:00.000Z,modifiedBy.imyvn@example.org
31304724-57b7-4e8e-80bb-98c1a9f95bd3,Dawn,Knight,captain,28668811-3231-4b42-a94c-2d63ffc2244f,89,31127.77,2015-12-22,hu,13355817-fdde-41b3-9826-a3b9703ac933,Dawn.Knight@aldiiisey.com,2001-02-26T23:00:00.000Z,createdBy.imyvo@example.org,2013-06-02T23:00:00.000Z,modifiedBy.imyvo@aldiiisey.com
31304725-b679-4df8-ac7c-63ba21a0a67d,Delta,Vargas,captain,28668812-d1d2-4d3a-9e4a-ee7ed1c830d1,8,18127.41,2005-05-18,hu,13355817-fdde-41b3-9826-a3b9703ac933,Delta.Vargas@aldiiisey.com,2000-10-30T23:00:00.000Z,createdBy.imyvp@aldiiisey.com,2002-10-11T23:00:00.000Z,modifiedBy.imyvp@aldiiisey.com
31304726-5bda-40ff-9e30-525aa0676abe,Lyra,Murphy,captain,28668813-b7c7-4b36-9666-ab30cbd9cd16,53,2326.47,2009-10-30,hu,13355817-fdde-41b3-9826-a3b9703ac933,Lyra.Murphy@aldiiisey.com,2000-09-10T23:00:00.000Z,createdBy.imyvq@example.net,2002-02-13T23:00:00.000Z,modifiedBy.imyvq@example.net
31304727-0572-4747-9753-be77e4d18590,Matthew,Higgins,captain,28668814-c044-4b3e-a943-75ba8f9c3aa0,42,72161.23,2023-09-08,hu,13355817-fdde-41b3-9826-a3b9703ac933,Matthew.Higgins@aldiiisey.com,2011-06-30T23:00:00.000Z,createdBy.imyvr@example.net,2023-08-29T23:00:00.000Z,modifiedBy.imyvr@example.org
31304728-4fd1-4f0e-9ccf-086a800b5899,Zenith,Edwards,captain,28668815-0eb1-45b9-ad58-65ff8690be4b,47,78976.92,2018-04-18,hu,13355817-fdde-41b3-9826-a3b9703ac933,Zenith.Edwards@aldiiisey.com,2021-11-12T23:00:00.000Z,createdBy.imyvs@example.net,2015-01-29T23:00:00.000Z,modifiedBy.imyvs@aldiiisey.com
31304729-fd9a-4a50-960f-a6759d3c3ef2,Yonder,Zimmerman,captain,28668816-32c6-44b4-a47d-10c2128185de,47,52531.76,2012-03-27,hu,13355817-fdde-41b3-9826-a3b9703ac933,Yonder.Zimmerman@aldiiisey.com,2004-04-28T23:00:00.000Z,createdBy.imyvt@example.net,2004-07-20T23:00:00.000Z,modifiedBy.imyvt@example.org
31304730-b390-4fc2-9fa5-e296e59a932a,Unity,Luna,captain,28668817-b787-45b7-835c-da9024e5bf27,81,38273.42,2023-09-09,hu,13355817-fdde-41b3-9826-a3b9703ac933,Unity.Luna@aldiiisey.com,2007-03-25T23:00:00.000Z,createdBy.imyvu@aldiiisey.com,2006-05-16T23:00:00.000Z,modifiedBy.imyvu@example.org
31304731-44c1-44f3-b611-612affcf0b43,Enigma,Santiago,captain,28668818-75fa-4a06-881b-7e8f285dffc8,59,19853.08,2019-08-30,hu,13355817-fdde-41b3-9826-a3b9703ac933,Enigma.Santiago@aldiiisey.com,2014-04-30T23:00:00.000Z,createdBy.imyvv@example.net,2013-07-04T23:00:00.000Z,modifiedBy.imyvv@example.net
31304732-d70f-4710-aa65-cd3c26811954,Tucker,Price,captain,28668819-b147-43ed-ac33-9eb8f99f15dd,3,55551.83,2010-10-09,hu,13355817-fdde-41b3-9826-a3b9703ac933,Tucker.Price@aldiiisey.com,2011-04-20T23:00:00.000Z,createdBy.imyvw@example.net,2022-09-24T23:00:00.000Z,modifiedBy.imyvw@example.net
31304733-d2f9-45d6-965b-2d0a2c53a6eb,Sebastian,Yun,captain,28668820-e998-444b-a22c-ef1738c566a0,86,44382.84,2010-05-12,hu,13355817-fdde-41b3-9826-a3b9703ac933,Sebastian.Yun@aldiiisey.com,2011-11-01T23:00:00.000Z,createdBy.imyvx@example.net,2019-06-07T23:00:00.000Z,modifiedBy.imyvx@example.org
31304734-5c33-498d-a531-c0129ead9ddc,Xenial,Gibson,captain,28668825-fd54-45ed-8cbd-a4b7adda88f4,4,57437.95,2008-09-12,hu,13355817-fdde-41b3-9826-a3b9703ac933,Xenial.Gibson@aldiiisey.com,2017-07-13T23:00:00.000Z,createdBy.imyvy@aldiiisey.com,2014-04-12T23:00:00.000Z,modifiedBy.imyvy@aldiiisey.com
31304735-5143-4828-ba5e-1bdc548c708d,Emily,Zimmer,captain,28668826-7e26-481b-bccf-add0afa493ce,56,70277.04,2012-03-18,hu,13355817-fdde-41b3-9826-a3b9703ac933,Emily.Zimmer@aldiiisey.com,2002-06-14T23:00:00.000Z,createdBy.imyvz@aldiiisey.com,2021-02-28T23:00:00.000Z,modifiedBy.imyvz@aldiiisey.com
31304736-5d83-460d-b568-167c94442d7a,Flux,Cooper,captain,28668827-cbf1-46d8-9480-a2cd3b7fd370,1,51603.41,2008-06-01,hu,13355817-fdde-41b3-9826-a3b9703ac933,Flux.Cooper@aldiiisey.com,2000-01-23T23:00:00.000Z,createdBy.imyw0@example.net,2014-03-07T23:00:00.000Z,modifiedBy.imyw0@example.org
31304737-63aa-4e1f-abef-afabd4af7cd8,Mateo,Powell,captain,28668828-18e6-4a5c-b226-c84b1085ecb9,78,4837.89,2017-03-25,hu,14708052-7e67-42ec-a87f-1b2b13af25f9,Mateo.Powell@aldiiisey.com,2012-08-08T23:00:00.000Z,createdBy.imyw1@example.org,2019-08-11T23:00:00.000Z,modifiedBy.imyw1@example.net
31304738-c525-4388-b0f6-bbdf8bea5f3d,Elizabeth,Tran,captain,28668829-4ebd-474d-9f84-75009100d532,80,55948.42,2023-05-13,hu,13355817-fdde-41b3-9826-a3b9703ac933,Elizabeth.Tran@aldiiisey.com,2021-09-27T23:00:00.000Z,createdBy.imyw2@aldiiisey.com,2015-05-05T23:00:00.000Z,modifiedBy.imyw2@example.org
31304739-2f67-4d85-b308-bef41d0a9ab9,Olivia,Dunn,senior,28668806-9613-4716-bbcd-d08849a95869,72,37275.95,2008-06-22,hu,13355817-fdde-41b3-9826-a3b9703ac933,Olivia.Dunn@aldiiisey.com,2007-08-28T23:00:00.000Z,createdBy.imyw3@example.net,2008-05-13T23:00:00.000Z,modifiedBy.imyw3@example.org
31304740-776f-4e5a-a5ea-e4d17b30d8b1,Emily,Norman,senior,28668807-88b9-4236-bba9-2a41f6efdd28,71,39746.14,2007-01-02,hu,13355817-fdde-41b3-9826-a3b9703ac933,Emily.Norman@aldiiisey.com,2018-10-02T23:00:00.000Z,createdBy.imyw4@aldiiisey.com,2001-12-23T23:00:00.000Z,modifiedBy.imyw4@aldiiisey.com
31304741-57b6-43a1-a286-a5407bbfd7e0,Nebulous,Foster,senior,28668808-a798-4da0-9658-20dab211ea36,81,706.61,2000-01-13,hu,13355817-fdde-41b3-9826-a3b9703ac933,Nebulous.Foster@aldiiisey.com,2010-06-25T23:00:00.000Z,createdBy.imyw5@aldiiisey.com,2011-07-28T23:00:00.000Z,modifiedBy.imyw5@aldiiisey.com
31304742-a834-489e-9833-20e6b72dbee6,Falcon,Carter,senior,28668809-c653-4339-a60e-49757680dbb6,22,75524.45,2011-01-24,hu,13355817-fdde-41b3-9826-a3b9703ac933,Falcon.Carter@aldiiisey.com,2000-07-02T23:00:00.000Z,createdBy.imyw6@example.net,2013-07-15T23:00:00.000Z,modifiedBy.imyw6@aldiiisey.com
31304743-d545-4661-a2bc-3e1770536fca,Alexander,Ibarra,senior,28668810-18c0-4f3b-a3ab-ae635717e3b1,31,41445.09,2016-08-04,hu,13355817-fdde-41b3-9826-a3b9703ac933,Alexander.Ibarra@aldiiisey.com,2013-11-20T23:00:00.000Z,createdBy.imyw7@aldiiisey.com,2010-04-19T23:00:00.000Z,modifiedBy.imyw7@aldiiisey.com
31304744-6dee-41aa-861c-49579975c7e9,Yew,Guzman,senior,28668811-3231-4b42-a94c-2d63ffc2244f,66,90187.48,2008-01-20,hu,13355817-fdde-41b3-9826-a3b9703ac933,Yew.Guzman@aldiiisey.com,2021-07-15T23:00:00.000Z,createdBy.imyw8@aldiiisey.com,2000-02-01T23:00:00.000Z,modifiedBy.imyw8@aldiiisey.com
31304745-7fc4-49eb-a246-ce06e51a9359,Jive,Bishop,senior,28668812-d1d2-4d3a-9e4a-ee7ed1c830d1,55,54776.73,2011-02-17,hu,13355817-fdde-41b3-9826-a3b9703ac933,Jive.Bishop@aldiiisey.com,2015-05-31T23:00:00.000Z,createdBy.imyw9@example.org,2008-11-15T23:00:00.000Z,modifiedBy.imyw9@aldiiisey.com
31304746-54f9-41a2-a9f8-1d03e9429b06,Nebulous,Lane,senior,28668813-b7c7-4b36-9666-ab30cbd9cd16,41,65869.38,2014-05-07,hu,13355817-fdde-41b3-9826-a3b9703ac933,Nebulous.Lane@aldiiisey.com,2017-04-22T23:00:00.000Z,createdBy.imywa@example.net,2003-02-22T23:00:00.000Z,modifiedBy.imywa@example.org
31304747-b767-4d6e-867a-b1c9268e8ada,Stella,Yu,senior,28668814-c044-4b3e-a943-75ba8f9c3aa0,89,17594.33,2008-02-14,hu,13355817-fdde-41b3-9826-a3b9703ac933,Stella.Yu@aldiiisey.com,2011-08-19T23:00:00.000Z,createdBy.imywb@example.org,2007-11-03T23:00:00.000Z,modifiedBy.imywb@example.org
31304748-66a5-4686-b423-c0d91e4dc173,Tesseract,Mccarthy,senior,28668815-0eb1-45b9-ad58-65ff8690be4b,52,14117.96,2016-02-10,hu,13355817-fdde-41b3-9826-a3b9703ac933,Tesseract.Mccarthy@aldiiisey.com,2001-02-28T23:00:00.000Z,createdBy.imywc@example.net,2017-05-16T23:00:00.000Z,modifiedBy.imywc@example.net
31304749-af08-4737-ba8e-b5a14b288cf0,Jasper,Ulloa,senior,28668816-32c6-44b4-a47d-10c2128185de,14,12852.49,2000-06-23,hu,13355817-fdde-41b3-9826-a3b9703ac933,Jasper.Ulloa@aldiiisey.com,2023-03-26T23:00:00.000Z,createdBy.imywd@aldiiisey.com,2016-01-02T23:00:00.000Z,modifiedBy.imywd@example.org
31304750-c45b-48fd-8b3a-28dcb9797714,Kinetic,Nguyen,senior,28668817-b787-45b7-835c-da9024e5bf27,100,61675.06,2000-07-18,hu,13355817-fdde-41b3-9826-a3b9703ac933,Kinetic.Nguyen@aldiiisey.com,2023-06-22T23:00:00.000Z,createdBy.imywe@example.net,2010-07-19T23:00:00.000Z,modifiedBy.imywe@aldiiisey.com
31304751-4424-495b-80e3-14d302407d8e,Nirvana,Avery,senior,28668818-75fa-4a06-881b-7e8f285dffc8,73,16978.8,2004-02-06,hu,13355817-fdde-41b3-9826-a3b9703ac933,Nirvana.Avery@aldiiisey.com,2012-06-22T23:00:00.000Z,createdBy.imywf@example.net,2017-09-10T23:00:00.000Z,modifiedBy.imywf@example.org
31304752-4482-4ea9-b486-4b3d004a370d,Eternal,Brown,senior,28668819-b147-43ed-ac33-9eb8f99f15dd,11,85029.48,2000-11-01,hu,13355817-fdde-41b3-9826-a3b9703ac933,Eternal.Brown@aldiiisey.com,2020-05-23T23:00:00.000Z,createdBy.imywg@example.net,2023-05-24T23:00:00.000Z,modifiedBy.imywg@example.org
31304753-e96c-4c37-ab6e-9e6e98d15fdb,Jasper,Warren,senior,28668820-e998-444b-a22c-ef1738c566a0,94,5354.85,2001-09-18,hu,13355817-fdde-41b3-9826-a3b9703ac933,Jasper.Warren@aldiiisey.com,2015-05-31T23:00:00.000Z,createdBy.imywh@aldiiisey.com,2009-04-16T23:00:00.000Z,modifiedBy.imywh@example.net
31304754-fc6d-4fc0-bbb6-d6db9d0bcea3,Flux,Bell,senior,28668825-fd54-45ed-8cbd-a4b7adda88f4,40,91131.84,2020-06-01,hu,13355817-fdde-41b3-9826-a3b9703ac933,Flux.Bell@aldiiisey.com,2015-07-10T23:00:00.000Z,createdBy.imywi@aldiiisey.com,2022-10-28T23:00:00.000Z,modifiedBy.imywi@example.org
31304755-d724-4d5f-a5ed-8014f1ec436a,David,Ziegler,senior,28668826-7e26-481b-bccf-add0afa493ce,62,23412.88,2018-07-31,hu,13355817-fdde-41b3-9826-a3b9703ac933,David.Ziegler@aldiiisey.com,2006-01-30T23:00:00.000Z,createdBy.imywj@aldiiisey.com,2006-04-18T23:00:00.000Z,modifiedBy.imywj@aldiiisey.com
31304756-a431-4c32-becf-66c38cc6bd57,Zoe,Mccarthy,senior,28668827-cbf1-46d8-9480-a2cd3b7fd370,45,70667.07,2012-06-09,hu,13355817-fdde-41b3-9826-a3b9703ac933,Zoe.Mccarthy@aldiiisey.com,2016-04-02T23:00:00.000Z,createdBy.imywk@aldiiisey.com,2000-04-08T23:00:00.000Z,modifiedBy.imywk@example.net
31304757-2a01-4128-bf46-0e96b0de31fc,Dynamo,Morales,senior,28668828-18e6-4a5c-b226-c84b1085ecb9,13,10871.17,2020-09-20,hu,13355817-fdde-41b3-9826-a3b9703ac933,Dynamo.Morales@aldiiisey.com,2018-08-09T23:00:00.000Z,createdBy.imywl@example.net,2006-12-18T23:00:00.000Z,modifiedBy.imywl@example.org
31304758-134f-4730-858c-92523f86c460,Kestrel,Drake,senior,28668829-4ebd-474d-9f84-75009100d532,33,68798.7,2017-06-25,hu,13355817-fdde-41b3-9826-a3b9703ac933,Kestrel.Drake@aldiiisey.com,2013-02-24T23:00:00.000Z,createdBy.imywm@example.org,2017-09-29T23:00:00.000Z,modifiedBy.imywm@example.org
31304759-417f-4192-98c8-e980290c8b6a,Oasis,Butler,medior,28668806-9613-4716-bbcd-d08849a95869,79,22705.16,2023-11-04,hu,13355817-fdde-41b3-9826-a3b9703ac933,Oasis.Butler@aldiiisey.com,2023-05-10T23:00:00.000Z,createdBy.imywn@example.org,2001-08-17T23:00:00.000Z,modifiedBy.imywn@example.net
31304760-a08a-4170-b7dc-91e429db015c,Yonder,Ford,medior,28668807-88b9-4236-bba9-2a41f6efdd28,54,45178.32,2017-12-16,hu,13355817-fdde-41b3-9826-a3b9703ac933,Yonder.Ford@aldiiisey.com,2010-11-18T23:00:00.000Z,createdBy.imywo@example.net,2012-12-07T23:00:00.000Z,modifiedBy.imywo@aldiiisey.com
31304761-0cd5-4f53-b27e-4424a3fc2a0c,Lunar,Tate,medior,28668808-a798-4da0-9658-20dab211ea36,87,28059.94,2014-09-03,hu,13355817-fdde-41b3-9826-a3b9703ac933,Lunar.Tate@aldiiisey.com,2012-06-01T23:00:00.000Z,createdBy.imywp@example.org,2021-06-02T23:00:00.000Z,modifiedBy.imywp@example.org
31304762-e98e-4389-8129-0997067f5109,Mia,Mccarthy,medior,28668809-c653-4339-a60e-49757680dbb6,92,77868.18,2023-05-08,hu,13355817-fdde-41b3-9826-a3b9703ac933,Mia.Mccarthy@aldiiisey.com,2023-12-16T23:00:00.000Z,createdBy.imywq@aldiiisey.com,2008-08-09T23:00:00.000Z,modifiedBy.imywq@aldiiisey.com
31304763-5ec1-4ea6-9ff3-b4ec75ca2e7c,Oliver,Jimenez,medior,28668810-18c0-4f3b-a3ab-ae635717e3b1,45,54935.81,2008-11-06,hu,13355817-fdde-41b3-9826-a3b9703ac933,Oliver.Jimenez@aldiiisey.com,2014-08-23T23:00:00.000Z,createdBy.imywr@example.net,2001-08-10T23:00:00.000Z,modifiedBy.imywr@example.net
31304764-290b-4538-85ca-f4e16251dadc,Journey,Larson,medior,28668811-3231-4b42-a94c-2d63ffc2244f,59,43719.9,2010-07-17,hu,13355817-fdde-41b3-9826-a3b9703ac933,Journey.Larson@aldiiisey.com,2020-03-26T23:00:00.000Z,createdBy.imyws@example.net,2020-02-12T23:00:00.000Z,modifiedBy.imyws@example.org
31304765-e67d-4c6a-9e34-d4713d78888f,Elijah,Valdez,medior,28668812-d1d2-4d3a-9e4a-ee7ed1c830d1,28,34406.56,2014-10-20,hu,13355817-fdde-41b3-9826-a3b9703ac933,Elijah.Valdez@aldiiisey.com,2020-03-14T23:00:00.000Z,createdBy.imywt@aldiiisey.com,2010-10-22T23:00:00.000Z,modifiedBy.imywt@example.net
31304766-60fc-4f95-88a8-d01844acc6f0,Scarlett,Morgan,medior,28668813-b7c7-4b36-9666-ab30cbd9cd16,44,18217.85,2020-07-07,hu,13355817-fdde-41b3-9826-a3b9703ac933,Scarlett.Morgan@aldiiisey.com,2006-12-03T23:00:00.000Z,createdBy.imywu@example.org,2007-04-25T23:00:00.000Z,modifiedBy.imywu@example.net
31304767-7a8a-4684-9af1-1c2c619c66ad,Radiant,Xiong,medior,28668814-c044-4b3e-a943-75ba8f9c3aa0,68,10601.65,2002-07-30,hu,13355817-fdde-41b3-9826-a3b9703ac933,Radiant.Xiong@aldiiisey.com,2015-04-07T23:00:00.000Z,createdBy.imywv@example.net,2015-04-12T23:00:00.000Z,modifiedBy.imywv@example.net
31304768-c0d7-4e4a-9f6a-344c613dd44c,Grace,Odom,medior,28668815-0eb1-45b9-ad58-65ff8690be4b,86,88969.6,2016-03-03,hu,13355817-fdde-41b3-9826-a3b9703ac933,Grace.Odom@aldiiisey.com,2004-03-02T23:00:00.000Z,createdBy.imyww@example.net,2009-10-18T23:00:00.000Z,modifiedBy.imyww@example.org
31304769-3e4b-4b39-a978-67ccfc97c95e,Olivia,Graham,medior,28668816-32c6-44b4-a47d-10c2128185de,16,23732.23,2011-04-19,hu,13355817-fdde-41b3-9826-a3b9703ac933,Olivia.Graham@aldiiisey.com,2001-09-06T23:00:00.000Z,createdBy.imywx@aldiiisey.com,2022-03-22T23:00:00.000Z,modifiedBy.imywx@example.org
31304770-241b-461a-becb-b08156864e51,Sebastian,Mays,medior,28668817-b787-45b7-835c-da9024e5bf27,66,43835.37,2002-03-18,hu,13355817-fdde-41b3-9826-a3b9703ac933,Sebastian.Mays@aldiiisey.com,2017-01-25T23:00:00.000Z,createdBy.imywy@example.org,2019-10-06T23:00:00.000Z,modifiedBy.imywy@aldiiisey.com
31304771-a5b2-4663-af18-97dc4ad6f8a5,Aurora,Hayes,medior,28668818-75fa-4a06-881b-7e8f285dffc8,81,60516.22,2009-02-06,hu,13355817-fdde-41b3-9826-a3b9703ac933,Aurora.Hayes@aldiiisey.com,2022-03-01T23:00:00.000Z,createdBy.imywz@aldiiisey.com,2019-06-04T23:00:00.000Z,modifiedBy.imywz@example.org
31304772-a53b-40b1-aff7-854ed20f0cd8,Mosaic,Xuan,medior,28668819-b147-43ed-ac33-9eb8f99f15dd,82,31338.72,2022-01-21,hu,13355817-fdde-41b3-9826-a3b9703ac933,Mosaic.Xuan@aldiiisey.com,2017-06-25T23:00:00.000Z,createdBy.imyx0@aldiiisey.com,2006-05-17T23:00:00.000Z,modifiedBy.imyx0@aldiiisey.com
31304773-4517-4bd5-8742-013803fcfba4,Aria,Villarreal,medior,28668820-e998-444b-a22c-ef1738c566a0,15,5633,2012-12-07,hu,13355817-fdde-41b3-9826-a3b9703ac933,Aria.Villarreal@aldiiisey.com,2022-01-29T23:00:00.000Z,createdBy.imyx1@example.org,2019-02-04T23:00:00.000Z,modifiedBy.imyx1@example.net
31304774-8621-4e57-a21c-1c2a66014814,Riley,Xie,medior,28668825-fd54-45ed-8cbd-a4b7adda88f4,2,68870.54,2014-09-04,hu,13355817-fdde-41b3-9826-a3b9703ac933,Riley.Xie@aldiiisey.com,2014-05-04T23:00:00.000Z,createdBy.imyx2@example.org,2019-10-27T23:00:00.000Z,modifiedBy.imyx2@example.net
31304775-4501-4d6c-86b8-298e0a499e56,Serenity,Lane,medior,28668826-7e26-481b-bccf-add0afa493ce,65,16119.71,2000-11-20,hu,13355817-fdde-41b3-9826-a3b9703ac933,Serenity.Lane@aldiiisey.com,2011-07-10T23:00:00.000Z,createdBy.imyx3@aldiiisey.com,2014-09-21T23:00:00.000Z,modifiedBy.imyx3@aldiiisey.com
31304776-0405-4aad-8f35-9af89e84b1cb,Rudolf,Halmschlager,medior,28668827-cbf1-46d8-9480-a2cd3b7fd370,6,786.58,2000-04-26,hu,13355817-fdde-41b3-9826-a3b9703ac933,h.rudolf2@gmail.com,2023-04-07T23:00:00.000Z,createdBy.imyx4@aldiiisey.com,2012-08-27T23:00:00.000Z,modifiedBy.imyx4@example.org
31304777-a3c0-46e0-8ba3-f13218624190,Carter,Richards,medior,28668828-18e6-4a5c-b226-c84b1085ecb9,48,60046.17,2007-10-22,hu,13355817-fdde-41b3-9826-a3b9703ac933,Carter.Richards@aldiiisey.com,2014-06-11T23:00:00.000Z,createdBy.imyx5@example.net,2004-11-22T23:00:00.000Z,modifiedBy.imyx5@example.net
31304778-216a-4495-8db0-0095a0b7bedc,Orbit,Ferguson,medior,28668829-4ebd-474d-9f84-75009100d532,7,73927.52,2008-12-09,hu,13355817-fdde-41b3-9826-a3b9703ac933,Orbit.Ferguson@aldiiisey.com,2022-12-01T23:00:00.000Z,createdBy.imyx6@example.net,2021-08-18T23:00:00.000Z,modifiedBy.imyx6@example.org
31304779-ff6f-487c-b68c-e1833ae2dad3,Zephyr,Ortega,junior,28668806-9613-4716-bbcd-d08849a95869,8,3613.72,2005-01-26,hu,13355817-fdde-41b3-9826-a3b9703ac933,Zephyr.Ortega@aldiiisey.com,2022-08-27T23:00:00.000Z,createdBy.imyx7@example.org,2016-02-05T23:00:00.000Z,modifiedBy.imyx7@aldiiisey.com
31304780-892b-487a-b2b9-217dbb9cb270,Logan,Yates,junior,28668807-88b9-4236-bba9-2a41f6efdd28,17,95882.73,2000-10-08,hu,13355817-fdde-41b3-9826-a3b9703ac933,Logan.Yates@aldiiisey.com,2017-02-05T23:00:00.000Z,createdBy.imyx8@aldiiisey.com,2010-06-04T23:00:00.000Z,modifiedBy.imyx8@example.org
31304781-8b71-4321-bf60-a1199f6ae292,Kai,Henderson,junior,28668808-a798-4da0-9658-20dab211ea36,69,62834.55,2016-11-04,hu,13355817-fdde-41b3-9826-a3b9703ac933,Kai.Henderson@aldiiisey.com,2017-10-30T23:00:00.000Z,createdBy.imyx9@aldiiisey.com,2012-06-25T23:00:00.000Z,modifiedBy.imyx9@aldiiisey.com
31304782-1488-4171-879a-7f0390989487,Jasper,Jacobs,junior,28668809-c653-4339-a60e-49757680dbb6,100,43565.06,2016-02-28,hu,13355817-fdde-41b3-9826-a3b9703ac933,Jasper.Jacobs@aldiiisey.com,2011-09-13T23:00:00.000Z,createdBy.imyxa@example.org,2007-09-29T23:00:00.000Z,modifiedBy.imyxa@example.org
31304783-b8a0-4284-a2c4-41da0d470b28,Sage,Valencia,junior,28668810-18c0-4f3b-a3ab-ae635717e3b1,53,38114.48,2010-04-16,hu,13355817-fdde-41b3-9826-a3b9703ac933,Sage.Valencia@aldiiisey.com,2010-04-06T23:00:00.000Z,createdBy.imyxb@example.net,2008-08-27T23:00:00.000Z,modifiedBy.imyxb@example.org
31304784-64f0-4e85-88fe-4b7b5522261e,Delta,Hayes,junior,28668811-3231-4b42-a94c-2d63ffc2244f,14,39217.96,2004-01-15,hu,13355817-fdde-41b3-9826-a3b9703ac933,Delta.Hayes@aldiiisey.com,2009-01-08T23:00:00.000Z,createdBy.imyxc@example.org,2020-03-20T23:00:00.000Z,modifiedBy.imyxc@example.net
31304785-22e4-43b7-9047-fbc503ee73a2,Hunter,Quinn,junior,28668812-d1d2-4d3a-9e4a-ee7ed1c830d1,90,68953.02,2010-10-16,hu,13355817-fdde-41b3-9826-a3b9703ac933,Hunter.Quinn@aldiiisey.com,2012-11-24T23:00:00.000Z,createdBy.imyxd@example.org,2020-03-03T23:00:00.000Z,modifiedBy.imyxd@aldiiisey.com
31304786-0621-4b02-a360-1db4445bd326,Finn,Mitchell,junior,28668813-b7c7-4b36-9666-ab30cbd9cd16,22,92564.21,2003-10-10,hu,13355817-fdde-41b3-9826-a3b9703ac933,Finn.Mitchell@aldiiisey.com,2000-04-16T23:00:00.000Z,createdBy.imyxe@example.org,2012-07-19T23:00:00.000Z,modifiedBy.imyxe@example.org
31304787-d2d0-49d3-8c48-cc1c335297a6,Yew,Hanson,junior,28668814-c044-4b3e-a943-75ba8f9c3aa0,20,2636.53,2021-01-22,hu,13355817-fdde-41b3-9826-a3b9703ac933,Yew.Hanson@aldiiisey.com,2020-10-24T23:00:00.000Z,createdBy.imyxf@aldiiisey.com,2004-07-14T23:00:00.000Z,modifiedBy.imyxf@example.org
31304788-2864-4801-bb54-513fdef5c7f9,Violet,Zimmerman,junior,28668815-0eb1-45b9-ad58-65ff8690be4b,79,85313.75,2010-08-05,hu,13355817-fdde-41b3-9826-a3b9703ac933,Violet.Zimmerman@aldiiisey.com,2000-02-03T23:00:00.000Z,createdBy.imyxg@aldiiisey.com,2007-06-28T23:00:00.000Z,modifiedBy.imyxg@example.net
31304789-dbd2-4a5a-afee-4ea22508fd56,Blaze,Keith,junior,28668816-32c6-44b4-a47d-10c2128185de,30,14193.3,2008-09-17,hu,13355817-fdde-41b3-9826-a3b9703ac933,Blaze.Keith@aldiiisey.com,2008-02-08T23:00:00.000Z,createdBy.imyxh@aldiiisey.com,2008-11-15T23:00:00.000Z,modifiedBy.imyxh@aldiiisey.com
31304790-78eb-47ac-b4c0-a9cd4e2d4475,Stardust,Dixon,junior,28668817-b787-45b7-835c-da9024e5bf27,2,26542.21,2013-12-23,hu,13355817-fdde-41b3-9826-a3b9703ac933,Stardust.Dixon@aldiiisey.com,2017-08-19T23:00:00.000Z,createdBy.imyxi@aldiiisey.com,2018-01-07T23:00:00.000Z,modifiedBy.imyxi@example.net
31304791-71a5-496f-8026-665701bcdcb0,Xenon,Jordan,junior,28668818-75fa-4a06-881b-7e8f285dffc8,88,13700.56,2015-07-31,hu,13355817-fdde-41b3-9826-a3b9703ac933,Xenon.Jordan@aldiiisey.com,2023-01-07T23:00:00.000Z,createdBy.imyxj@aldiiisey.com,2012-09-24T23:00:00.000Z,modifiedBy.imyxj@aldiiisey.com
31304792-978e-4672-ae3d-9e7e1465b4d7,Gemma,Jimenez,junior,28668819-b147-43ed-ac33-9eb8f99f15dd,81,65677.16,2006-10-14,hu,13355817-fdde-41b3-9826-a3b9703ac933,Gemma.Jimenez@aldiiisey.com,2003-10-20T23:00:00.000Z,createdBy.imyxk@example.net,2020-07-08T23:00:00.000Z,modifiedBy.imyxk@aldiiisey.com
31304793-83c2-43f7-b090-a97740da2fd3,Mateo,Price,junior,28668820-e998-444b-a22c-ef1738c566a0,13,19172.81,2015-07-19,hu,13355817-fdde-41b3-9826-a3b9703ac933,Mateo.Price@aldiiisey.com,2010-07-31T23:00:00.000Z,createdBy.imyxl@example.net,2012-11-16T23:00:00.000Z,modifiedBy.imyxl@example.org
31304794-ef9f-4339-9b6e-ec7a75415110,Zest,Zuniga,junior,28668825-fd54-45ed-8cbd-a4b7adda88f4,89,4696.64,2012-03-28,hu,13355817-fdde-41b3-9826-a3b9703ac933,Zest.Zuniga@aldiiisey.com,2009-01-31T23:00:00.000Z,createdBy.imyxm@example.net,2014-08-07T23:00:00.000Z,modifiedBy.imyxm@example.net
31304795-cf9e-4325-982e-800608a933e2,Gemma,Norman,junior,28668826-7e26-481b-bccf-add0afa493ce,71,35805.17,2003-08-06,hu,13355817-fdde-41b3-9826-a3b9703ac933,Gemma.Norman@aldiiisey.com,2006-08-21T23:00:00.000Z,createdBy.imyxn@example.net,2008-10-01T23:00:00.000Z,modifiedBy.imyxn@aldiiisey.com
31304796-b8ab-45fb-bcab-2d899075fe1f,Finn,Diaz,junior,28668827-cbf1-46d8-9480-a2cd3b7fd370,39,78869.58,2004-03-21,hu,13355817-fdde-41b3-9826-a3b9703ac933,Finn.Diaz@aldiiisey.com,2004-12-20T23:00:00.000Z,createdBy.imyxo@aldiiisey.com,2001-05-20T23:00:00.000Z,modifiedBy.imyxo@example.org
31304797-abf3-4524-8f55-99bb17443816,Theodore,Scott,junior,28668828-18e6-4a5c-b226-c84b1085ecb9,0,73865.19,2011-07-19,hu,13355817-fdde-41b3-9826-a3b9703ac933,Theodore.Scott@aldiiisey.com.,2011-07-26T23:00:00.000Z,createdBy.imyxp@example.org,2000-12-09T23:00:00.000Z,modifiedBy.imyxp@aldiiisey.com
31304798-1fbc-4e5b-8805-07e22e35151b,Universal,Adams,junior,28668829-4ebd-474d-9f84-75009100d532,28,16779.94,2005-03-22,hu,13355817-fdde-41b3-9826-a3b9703ac933,Universal.Adams@aldiiisey.com,2011-04-23T23:00:00.000Z,createdBy.imyxq@aldiiisey.com,2009-10-04T23:00:00.000Z,modifiedBy.imyxq@example.net
31304799-172a-49b2-9d77-7774f102166a,Aether,Elliott,candidate,28668806-9613-4716-bbcd-d08849a95869,34,78496.99,2015-02-26,hu,13355817-fdde-41b3-9826-a3b9703ac933,Aether.Elliott@aldiiisey.com,2017-01-09T23:00:00.000Z,createdBy.imyxr@example.net,2010-09-25T23:00:00.000Z,modifiedBy.imyxr@example.net
31304800-fec5-4a9a-a688-e6e6170ade73,Xenon,Valdez,candidate,28668807-88b9-4236-bba9-2a41f6efdd28,48,6945.36,2005-07-17,hu,13355817-fdde-41b3-9826-a3b9703ac933,Xenon.Valdez@aldiiisey.com,2017-04-15T23:00:00.000Z,createdBy.imyxs@example.net,2008-11-28T23:00:00.000Z,modifiedBy.imyxs@example.org
31304801-c22a-4801-9123-e50c943f404d,Elijah,Yates,candidate,28668808-a798-4da0-9658-20dab211ea36,86,83049.88,2009-03-11,hu,13355817-fdde-41b3-9826-a3b9703ac933,Elijah.Yates@aldiiisey.com,2007-01-08T23:00:00.000Z,createdBy.imyxt@aldiiisey.com,2015-06-01T23:00:00.000Z,modifiedBy.imyxt@aldiiisey.com
31304802-efea-425f-960e-91abf18b22db,Nexus,Tate,candidate,28668809-c653-4339-a60e-49757680dbb6,82,51145.01,2010-02-17,hu,13355817-fdde-41b3-9826-a3b9703ac933,Nexus.Tate@aldiiisey.com,2023-09-27T23:00:00.000Z,createdBy.imyxu@aldiiisey.com,2018-11-03T23:00:00.000Z,modifiedBy.imyxu@aldiiisey.com
31304803-c9bf-41db-8498-c71789f3faaf,Ryder,Murphy,candidate,28668810-18c0-4f3b-a3ab-ae635717e3b1,24,6077.91,2015-04-23,hu,13355817-fdde-41b3-9826-a3b9703ac933,Ryder.Murphy@aldiiisey.com,2011-03-24T23:00:00.000Z,createdBy.imyxv@example.org,2019-09-14T23:00:00.000Z,modifiedBy.imyxv@aldiiisey.com
31304804-e92b-4f71-a619-d8605d051f8f,Krypton,Graham,candidate,28668811-3231-4b42-a94c-2d63ffc2244f,68,20961.17,2002-04-19,hu,13355817-fdde-41b3-9826-a3b9703ac933,Krypton.Graham@aldiiisey.com,2018-01-11T23:00:00.000Z,createdBy.imyxw@example.org,2018-03-19T23:00:00.000Z,modifiedBy.imyxw@example.net
31304805-0292-4348-b604-b50adeff1735,Ursa,Banks,candidate,28668812-d1d2-4d3a-9e4a-ee7ed1c830d1,67,29572.63,2017-01-29,hu,13355817-fdde-41b3-9826-a3b9703ac933,Ursa.Banks@aldiiisey.com,2007-08-27T23:00:00.000Z,createdBy.imyxx@aldiiisey.com,2008-07-18T23:00:00.000Z,modifiedBy.imyxx@example.net
31304806-3ff1-407f-98ab-43702012205b,Quasar,Walker,candidate,28668813-b7c7-4b36-9666-ab30cbd9cd16,50,75731.47,2007-01-28,hu,13355817-fdde-41b3-9826-a3b9703ac933,Quasar.Walker@aldiiisey.com,2015-12-27T23:00:00.000Z,createdBy.imyxy@example.org,2009-05-13T23:00:00.000Z,modifiedBy.imyxy@example.org
31304807-c9e1-40a0-96a8-e8e5baada22a,Natalie,Neal,candidate,28668814-c044-4b3e-a943-75ba8f9c3aa0,23,45628.48,2019-12-27,hu,13355817-fdde-41b3-9826-a3b9703ac933,Natalie.Neal@aldiiisey.com,2014-01-14T23:00:00.000Z,createdBy.imyxz@example.org,2015-05-28T23:00:00.000Z,modifiedBy.imyxz@aldiiisey.com
31304808-b320-4179-93c4-d9eac560d8c8,Grace,Gibson,candidate,28668815-0eb1-45b9-ad58-65ff8690be4b,49,87790.43,2005-12-27,hu,13355817-fdde-41b3-9826-a3b9703ac933,Grace.Gibson@aldiiisey.com,2002-08-06T23:00:00.000Z,createdBy.imyy0@example.org,2016-12-27T23:00:00.000Z,modifiedBy.imyy0@aldiiisey.com
31304809-2e2b-4815-89d9-c391fce09ff7,Spark,Dixon,candidate,28668816-32c6-44b4-a47d-10c2128185de,0,88132.16,2023-06-02,hu,13355817-fdde-41b3-9826-a3b9703ac933,Spark.Dixon@aldiiisey.com,2019-09-12T23:00:00.000Z,createdBy.imyy1@example.net,2021-07-04T23:00:00.000Z,modifiedBy.imyy1@example.org
31304810-f182-4f1d-b0db-749ce0750344,Grace,Long,candidate,28668817-b787-45b7-835c-da9024e5bf27,84,64329.99,2002-06-22,hu,13355817-fdde-41b3-9826-a3b9703ac933,Grace.Long@aldiiisey.com,2011-01-16T23:00:00.000Z,createdBy.imyy2@example.org,2018-06-20T23:00:00.000Z,modifiedBy.imyy2@example.org
31304811-1ab2-4c1f-a5dc-b81a73c6edec,Vortex,Murphy,candidate,28668818-75fa-4a06-881b-7e8f285dffc8,75,47192.69,2020-09-12,hu,13355817-fdde-41b3-9826-a3b9703ac933,Vortex.Murphy@aldiiisey.com,2007-03-13T23:00:00.000Z,createdBy.imyy3@example.org,2009-07-02T23:00:00.000Z,modifiedBy.imyy3@example.org
31304812-e933-41db-a2e1-eaa949814ef1,Alexander,Bates,candidate,28668819-b147-43ed-ac33-9eb8f99f15dd,51,44604.17,2018-02-16,hu,13355817-fdde-41b3-9826-a3b9703ac933,Alexander.Bates@aldiiisey.com,2018-10-18T23:00:00.000Z,createdBy.imyy4@aldiiisey.com,2013-12-29T23:00:00.000Z,modifiedBy.imyy4@example.net
31304813-3c0b-4626-9080-6aaeaafed328,Harper,Anderson,candidate,28668820-e998-444b-a22c-ef1738c566a0,1,9188.52,2010-09-23,hu,13355817-fdde-41b3-9826-a3b9703ac933,Harper.Anderson@aldiiisey.com,2017-01-11T23:00:00.000Z,createdBy.imyy5@example.org,2007-06-03T23:00:00.000Z,modifiedBy.imyy5@example.net
31304814-a7c5-4529-b2f8-07ff3a425795,Galaxia,Odom,candidate,28668825-fd54-45ed-8cbd-a4b7adda88f4,23,71625.62,2011-04-03,hu,13355817-fdde-41b3-9826-a3b9703ac933,Galaxia.Odom@aldiiisey.com,2013-08-14T23:00:00.000Z,createdBy.imyy6@example.net,2002-04-20T23:00:00.000Z,modifiedBy.imyy6@example.org
31304815-076d-46db-be98-d7d1b145c5f3,William,Lopez,candidate,28668826-7e26-481b-bccf-add0afa493ce,89,72470.22,2015-04-30,hu,13355817-fdde-41b3-9826-a3b9703ac933,William.Lopez@aldiiisey.com,2023-04-10T23:00:00.000Z,createdBy.imyy7@example.org,2001-06-18T23:00:00.000Z,modifiedBy.imyy7@example.net
31304816-3691-4a25-b74c-df53eb0bd632,Chloe,Nicholson,candidate,28668827-cbf1-46d8-9480-a2cd3b7fd370,9,39453.64,2018-02-03,hu,13355817-fdde-41b3-9826-a3b9703ac933,Chloe.Nicholson@aldiiisey.com,2022-05-01T23:00:00.000Z,createdBy.imyy8@example.org,2012-11-26T23:00:00.000Z,modifiedBy.imyy8@aldiiisey.com
31304817-9b0a-4cfe-821d-93a89f07a19d,Illumina,Perry,candidate,28668828-18e6-4a5c-b226-c84b1085ecb9,72,53605.9,2001-06-07,hu,13355817-fdde-41b3-9826-a3b9703ac933,Illumina.Perry@aldiiisey.com,2022-12-04T23:00:00.000Z,createdBy.imyy9@aldiiisey.com,2019-08-24T23:00:00.000Z,modifiedBy.imyy9@aldiiisey.com
31304818-5194-4b5f-ab8a-a18720873a7c,Elizabeth,Simmons,candidate,28668829-4ebd-474d-9f84-75009100d532,25,47201.38,2012-12-12,hu,13355817-fdde-41b3-9826-a3b9703ac933,Elizabeth.Simmons@aldiiisey.com,2013-12-29T23:00:00.000Z,createdBy.imyya@example.net,2001-03-28T23:00:00.000Z,modifiedBy.imyya@aldiiisey.com
31304819-4c68-4838-8974-61b1e987e163,Logan,Tran,senior,28668806-9613-4716-bbcd-d08849a95869,12,1915.37,2014-08-29,hu,13355817-fdde-41b3-9826-a3b9703ac933,Logan.Tran@aldiiisey.com,2001-08-29T23:00:00.000Z,createdBy.imyyb@aldiiisey.com,2007-10-08T23:00:00.000Z,modifiedBy.imyyb@example.org
31304820-ac02-469f-a66d-e747d4d2364c,Haven,Ross,senior,28668807-88b9-4236-bba9-2a41f6efdd28,24,83005.45,2002-12-02,hu,13355817-fdde-41b3-9826-a3b9703ac933,Haven.Ross@aldiiisey.com,2001-06-11T23:00:00.000Z,createdBy.imyyc@example.net,2006-02-27T23:00:00.000Z,modifiedBy.imyyc@aldiiisey.com
31304821-145d-4864-a6db-3818817affb2,Zoe,Hale,senior,28668808-a798-4da0-9658-20dab211ea36,7,12050.88,2001-06-18,hu,13355817-fdde-41b3-9826-a3b9703ac933,lvOail1DHL54m.Zoe.Hale@aldiiisey.com,2015-04-27T23:00:00.000Z,createdBy.imyyd@example.net,2021-09-29T23:00:00.000Z,modifiedBy.imyyd@example.org
31304822-2949-4bec-84c6-29f77ad201f8,Titan,Ortiz,senior,28668809-c653-4339-a60e-49757680dbb6,91,25170.33,2007-07-14,hu,13355817-fdde-41b3-9826-a3b9703ac933,Titan.Ortiz@aldiiisey.com,2005-11-17T23:00:00.000Z,createdBy.imyye@example.org,2001-12-18T23:00:00.000Z,modifiedBy.imyye@example.net
31304823-5858-439d-bf7b-3f9a689670e8,Ember,Xue,senior,28668810-18c0-4f3b-a3ab-ae635717e3b1,7,10978.85,2023-09-14,hu,13355817-fdde-41b3-9826-a3b9703ac933,bUwMVjyFhIZ@Ember.Xue@aldiiisey.com,2009-09-04T23:00:00.000Z,createdBy.imyyf@example.org,2017-03-21T23:00:00.000Z,modifiedBy.imyyf@example.net
31304824-20a2-4927-a886-d8ae1ac69191,Drake,Dean,senior,28668811-3231-4b42-a94c-2d63ffc2244f,6,35144.46,2006-08-27,hu,13355817-fdde-41b3-9826-a3b9703ac933,Drake.Dean@aldiiisey.com,2002-11-28T23:00:00.000Z,createdBy.imyyg@example.org,2001-05-29T23:00:00.000Z,modifiedBy.imyyg@aldiiisey.com
31304825-db2a-402f-8420-c149ee5815d8,Mason,Lam,senior,28668812-d1d2-4d3a-9e4a-ee7ed1c830d1,95,46367.74,2011-07-19,hu,13355817-fdde-41b3-9826-a3b9703ac933,Mason.Lam@aldiiisey.com,2016-09-24T23:00:00.000Z,createdBy.imyyh@aldiiisey.com,2010-07-28T23:00:00.000Z,modifiedBy.imyyh@example.org
31304826-e4b8-4a05-a044-193bf9dc300d,Vance,Dean,senior,28668813-b7c7-4b36-9666-ab30cbd9cd16,81,77037.66,2021-09-24,hu,13355817-fdde-41b3-9826-a3b9703ac933,Vance.Dean@aldiiisey.com,2014-02-09T23:00:00.000Z,createdBy.imyyi@aldiiisey.com,2000-05-04T23:00:00.000Z,modifiedBy.imyyi@aldiiisey.com
31304827-84fd-4b0c-aa54-3755a1492386,Uma,Diaz,senior,28668814-c044-4b3e-a943-75ba8f9c3aa0,49,41711.98,2003-03-07,hu,13355817-fdde-41b3-9826-a3b9703ac933,Uma.Diaz@aldiiisey.com,2015-04-11T23:00:00.000Z,createdBy.imyyj@example.org,2020-05-28T23:00:00.000Z,modifiedBy.imyyj@example.net
31304828-e792-4b52-a308-015168b0f179,Ursa,Neal,senior,28668815-0eb1-45b9-ad58-65ff8690be4b,0,20266.56,2000-10-15,hu,13355817-fdde-41b3-9826-a3b9703ac933,Ursa.Neal@aldiiisey.com,2007-04-13T23:00:00.000Z,createdBy.imyyk@example.net,2009-09-01T23:00:00.000Z,modifiedBy.imyyk@example.org
31304829-1c0a-420f-953a-430d03dbc2e9,Violet,Zimmer,senior,28668816-32c6-44b4-a47d-10c2128185de,80,26387.84,2002-11-22,hu,13355817-fdde-41b3-9826-a3b9703ac933,Violet.Zimmer@aldiiisey.com,2022-07-25T23:00:00.000Z,createdBy.imyyl@example.org,2008-06-18T23:00:00.000Z,modifiedBy.imyyl@example.org
31304830-6b11-484a-8ab3-a92536cb1319,Krypton,Keller,senior,28668817-b787-45b7-835c-da9024e5bf27,46,2705.59,2002-07-01,hu,13355817-fdde-41b3-9826-a3b9703ac933,Krypton.Keller@aldiiisey.com,2003-05-16T23:00:00.000Z,createdBy.imyym@aldiiisey.com,2008-11-06T23:00:00.000Z,modifiedBy.imyym@example.org
31304831-bdc8-4f92-83d8-95549480a9c2,Zara,Larson,senior,28668818-75fa-4a06-881b-7e8f285dffc8,57,23137.72,2017-09-19,hu,13355817-fdde-41b3-9826-a3b9703ac933,Zara.Larson@aldiiisey.com,2010-03-12T23:00:00.000Z,createdBy.imyyn@example.org,2009-11-09T23:00:00.000Z,modifiedBy.imyyn@example.net
31304832-a6a8-4d17-ac3b-8fc8154618b6,Quest,Doyle,senior,28668819-b147-43ed-ac33-9eb8f99f15dd,46,69143.57,2015-03-22,hu,13355817-fdde-41b3-9826-a3b9703ac933,Quest.Doyle@aldiiisey.com,2002-07-22T23:00:00.000Z,createdBy.imyyo@example.org,2007-12-31T23:00:00.000Z,modifiedBy.imyyo@example.net
31304833-a08c-439e-888a-223f4eca7437,Stardust,Lopez,senior,28668820-e998-444b-a22c-ef1738c566a0,60,478.45,2006-03-22,hu,13355817-fdde-41b3-9826-a3b9703ac933,Stardust.Lopez@aldiiisey.com,2018-01-23T23:00:00.000Z,createdBy.imyyp@aldiiisey.com,2005-04-30T23:00:00.000Z,modifiedBy.imyyp@aldiiisey.com
31304834-c6eb-4320-aff8-8a14749f8906,Caleb,Manning,senior,28668825-fd54-45ed-8cbd-a4b7adda88f4,44,61402.01,2015-04-03,hu,13355817-fdde-41b3-9826-a3b9703ac933,Caleb.Manning@aldiiisey.com,2007-02-12T23:00:00.000Z,createdBy.imyyq@aldiiisey.com,2001-04-26T23:00:00.000Z,modifiedBy.imyyq@example.org
31304835-4dec-4873-81ef-70d2ea6f2634,William,Sutton,senior,28668826-7e26-481b-bccf-add0afa493ce,17,78783.05,2021-12-06,hu,13355817-fdde-41b3-9826-a3b9703ac933,William.Sutton@aldiiisey.com,2002-05-08T23:00:00.000Z,createdBy.imyyr@aldiiisey.com,2002-09-25T23:00:00.000Z,modifiedBy.imyyr@example.org
31304836-6c22-4886-a18d-fb2d35f24f8a,Bliss,Keller,senior,28668827-cbf1-46d8-9480-a2cd3b7fd370,28,71046.3,2014-03-02,hu,13355817-fdde-41b3-9826-a3b9703ac933,Bliss.Keller@aldiiisey.com,2008-11-23T23:00:00.000Z,createdBy.imyys@aldiiisey.com,2008-09-30T23:00:00.000Z,modifiedBy.imyys@example.net
31304837-bf7d-4184-b1cd-f094ae0a9523,Jaxon,Richards,senior,28668828-18e6-4a5c-b226-c84b1085ecb9,12,5669.35,2019-12-19,hu,13355817-fdde-41b3-9826-a3b9703ac933,Jaxon.Richards@aldiiisey.com,2023-05-31T23:00:00.000Z,createdBy.imyyt@example.org,2020-02-19T23:00:00.000Z,modifiedBy.imyyt@aldiiisey.com
31304838-69f2-4737-b488-36d16e3ff407,Radiant,Lowe,senior,28668829-4ebd-474d-9f84-75009100d532,88,71364.89,2008-12-06,hu,13355817-fdde-41b3-9826-a3b9703ac933,Radiant.Lowe@aldiiisey.com,2022-01-05T23:00:00.000Z,createdBy.imyyu@aldiiisey.com,2001-01-22T23:00:00.000Z,modifiedBy.imyyu@example.org
31304839-7055-4806-8b9f-8b6b8549e203,Maya,Smith,medior,28668806-9613-4716-bbcd-d08849a95869,37,50598.36,2009-01-15,hu,13355817-fdde-41b3-9826-a3b9703ac933,Maya.Smith@aldiiisey.com,2007-02-24T23:00:00.000Z,createdBy.imyyv@example.org,2017-09-25T23:00:00.000Z,modifiedBy.imyyv@example.net
31304840-7862-4736-92c1-3fb841cd77f0,Celeste,Xie,medior,28668807-88b9-4236-bba9-2a41f6efdd28,46,8043.31,2005-06-08,hu,13355817-fdde-41b3-9826-a3b9703ac933,Celeste.Xie@aldiiisey.com,2018-09-07T23:00:00.000Z,createdBy.imyyw@example.org,2016-06-23T23:00:00.000Z,modifiedBy.imyyw@example.org
31304841-c73b-473a-a1f6-b1dcc3e7338d,Hannah,Santiago,medior,28668808-a798-4da0-9658-20dab211ea36,25,20756.51,2019-01-09,hu,13355817-fdde-41b3-9826-a3b9703ac933,Hannah.Santiago@aldiiisey.com,2008-08-30T23:00:00.000Z,createdBy.imyyx@example.org,2013-09-19T23:00:00.000Z,modifiedBy.imyyx@example.net
31304842-e033-4049-9f77-dc27a0e98c7c,Rift,Kline,medior,28668809-c653-4339-a60e-49757680dbb6,15,92477.41,2020-11-01,hu,13355817-fdde-41b3-9826-a3b9703ac933,Rift.Kline@aldiiisey.com,2015-08-16T23:00:00.000Z,createdBy.imyyy@aldiiisey.com,2006-04-18T23:00:00.000Z,modifiedBy.imyyy@example.org
31304843-17aa-469b-97aa-54f84e09de49,Felix,Lynch,medior,28668810-18c0-4f3b-a3ab-ae635717e3b1,79,25741.58,2004-01-23,hu,13355817-fdde-41b3-9826-a3b9703ac933,Felix.Lynch@aldiiisey.com,2012-07-25T23:00:00.000Z,createdBy.imyyz@aldiiisey.com,2007-12-15T23:00:00.000Z,modifiedBy.imyyz@example.org
31304844-af21-48ae-88a1-412cdd72695e,Kaleidoscope,Drake,medior,28668811-3231-4b42-a94c-2d63ffc2244f,24,78335.87,2016-12-26,hu,13355817-fdde-41b3-9826-a3b9703ac933,Kalidoscope.Drake@aldiiisey.com,2010-06-25T23:00:00.000Z,createdBy.imyz0@aldiiisey.com,2003-09-06T23:00:00.000Z,modifiedBy.imyz0@example.net
31304845-1929-47b7-beda-5c093ad682f8,Willow,Mcdonald,medior,28668812-d1d2-4d3a-9e4a-ee7ed1c830d1,28,93396.4,2018-01-17,hu,13355817-fdde-41b3-9826-a3b9703ac933,Willow.Mcdonald@aldiiisey.com,2015-09-21T23:00:00.000Z,createdBy.imyz1@aldiiisey.com,2022-12-20T23:00:00.000Z,modifiedBy.imyz1@example.net
31304846-5640-4d5a-a7ae-c17097050135,Grace,Parker,medior,28668813-b7c7-4b36-9666-ab30cbd9cd16,28,92894.42,2020-05-30,hu,13355817-fdde-41b3-9826-a3b9703ac933,Grace.Parker@aldiiisey.com,2017-11-07T23:00:00.000Z,createdBy.imyz2@example.net,2020-09-22T23:00:00.000Z,modifiedBy.imyz2@aldiiisey.com
31304847-419d-42a3-8962-4f9edc022bd7,Raven,Davis,medior,28668814-c044-4b3e-a943-75ba8f9c3aa0,91,50227.9,2002-03-30,hu,13355817-fdde-41b3-9826-a3b9703ac933,Raven.Davis@aldiiisey.com,2007-01-02T23:00:00.000Z,createdBy.imyz3@example.net,2017-09-22T23:00:00.000Z,modifiedBy.imyz3@example.net
31304848-5f0e-4d02-9fff-0fe093faa449,Yew,Stewart,medior,28668815-0eb1-45b9-ad58-65ff8690be4b,92,39366.5,2004-08-17,hu,13355817-fdde-41b3-9826-a3b9703ac933,Yew.Stewart@aldiiisey.com,2023-12-19T23:00:00.000Z,createdBy.imyz4@example.org,2000-01-22T23:00:00.000Z,modifiedBy.imyz4@example.org
31304849-9dac-4931-b685-600c7221e289,Asher,Carter,medior,28668816-32c6-44b4-a47d-10c2128185de,71,836142.97,2007-06-20,hu,13355817-fdde-41b3-9826-a3b9703ac933,Asher.Carter@aldiiisey.com,2008-12-01T23:00:00.000Z,createdBy.imyz5@example.org,2014-11-05T23:00:00.000Z,modifiedBy.imyz5@example.net
31304850-2094-48f7-bb57-d37be7f2822c,Orion,Garza,medior,28668817-b787-45b7-835c-da9024e5bf27,85,12041.08,2019-09-01,hu,13355817-fdde-41b3-9826-a3b9703ac933,Orion.Garza@aldiiisey.com,2008-03-21T23:00:00.000Z,createdBy.imyz6@aldiiisey.com,2016-06-28T23:00:00.000Z,modifiedBy.imyz6@example.org
31304851-336d-42f5-ae51-830c16b21b6a,Universal,Valdez,medior,28668818-75fa-4a06-881b-7e8f285dffc8,99,20395.34,2002-10-13,hu,13355817-fdde-41b3-9826-a3b9703ac933,Universal.Valdez@aldiiisey.com,2008-11-10T23:00:00.000Z,createdBy.imyz7@aldiiisey.com,2021-12-20T23:00:00.000Z,modifiedBy.imyz7@example.org
31304852-687d-4675-904a-8717c150b4dd,Kaleidoscope,Anderson,medior,28668819-b147-43ed-ac33-9eb8f99f15dd,86,61026.19,2019-04-19,hu,13355817-fdde-41b3-9826-a3b9703ac933,Kaleidoscope.Anderson@aldiiisey.com,2014-06-28T23:00:00.000Z,createdBy.imyz8@example.org,2002-01-03T23:00:00.000Z,modifiedBy.imyz8@example.org
31304853-cde7-4271-8d45-cddbe5638f11,Madison,Elliott,medior,28668820-e998-444b-a22c-ef1738c566a0,39,93602.14,2015-07-18,hu,13355817-fdde-41b3-9826-a3b9703ac933,Madison.Elliott@aldiiisey.com,2021-08-26T23:00:00.000Z,createdBy.imyz9@aldiiisey.com,2020-01-16T23:00:00.000Z,modifiedBy.imyz9@example.org
31304854-d9da-47b3-8e04-daff910b9ebb,Maya,Hubbard,medior,28668825-fd54-45ed-8cbd-a4b7adda88f4,90,14563.3,2010-02-02,hu,13355817-fdde-41b3-9826-a3b9703ac933,Maya.Hubbard@aldiiisey.com,2022-09-09T23:00:00.000Z,createdBy.imyza@aldiiisey.com,2006-11-13T23:00:00.000Z,modifiedBy.imyza@example.net
31304855-0b7f-40a1-b88b-ced2136080a1,Eternal,Villarreal,medior,28668826-7e26-481b-bccf-add0afa493ce,7,56470.38,2002-09-03,hu,13355817-fdde-41b3-9826-a3b9703ac933,Eternal.Villarreal@aldiiisey.com,2017-12-28T23:00:00.000Z,createdBy.imyzb@example.org,2021-04-01T23:00:00.000Z,modifiedBy.imyzb@aldiiisey.com
31304856-aac7-4d6a-bc6f-2cf0abc2334c,Olivia,Kline,medior,28668827-cbf1-46d8-9480-a2cd3b7fd370,84,75760.56,2001-05-16,hu,13355817-fdde-41b3-9826-a3b9703ac933,Olivia.Kline@aldiiisey.com,2005-09-07T23:00:00.000Z,createdBy.imyzc@example.net,2009-03-21T23:00:00.000Z,modifiedBy.imyzc@aldiiisey.com
31304857-3500-4ea5-b52a-183bc8d3faa2,Aiden,Mitchell,medior,28668828-18e6-4a5c-b226-c84b1085ecb9,18,10324.2,2023-10-30,hu,13355817-fdde-41b3-9826-a3b9703ac933,Aiden.Mitchell@aldiiisey.com,2013-10-27T23:00:00.000Z,createdBy.imyzd@aldiiisey.com,2022-08-31T23:00:00.000Z,modifiedBy.imyzd@example.net
31304858-0e63-4c93-8ff8-11caacca0e23,Utopia,Lopez,medior,28668829-4ebd-474d-9f84-75009100d532,40,29906.76,2008-11-29,hu,13355817-fdde-41b3-9826-a3b9703ac933,Utopia.Lopez@aldiiisey.com,2008-04-11T23:00:00.000Z,createdBy.imyze@example.org,2006-09-12T23:00:00.000Z,modifiedBy.imyze@example.org
31304859-9cb4-4eeb-8008-b6cec03965ba,Leo,Fisher,junior,28668806-9613-4716-bbcd-d08849a95869,88,96977.22,2022-07-18,hu,13355817-fdde-41b3-9826-a3b9703ac933,Leo.Fisher@aldiiisey.com,2004-12-05T23:00:00.000Z,createdBy.imyzf@example.org,2022-02-21T23:00:00.000Z,modifiedBy.imyzf@example.org
31304860-3b02-45b6-8c66-5ed3663edc68,Utopian,Simmons,junior,28668807-88b9-4236-bba9-2a41f6efdd28,78,8780.92,2000-05-06,hu,13355817-fdde-41b3-9826-a3b9703ac933,Utopian.Simmons@aldiiisey.com,2000-04-10T23:00:00.000Z,createdBy.imyzg@example.net,2019-01-07T23:00:00.000Z,modifiedBy.imyzg@example.net
31304861-4d3c-4448-ad82-1c4fac91743a,Galactic,Yoder,junior,28668808-a798-4da0-9658-20dab211ea36,38,68213.11,2016-11-29,hu,13355817-fdde-41b3-9826-a3b9703ac933,Galactic.Yoder@aldiiisey.com,2017-11-11T23:00:00.000Z,createdBy.imyzh@example.org,2015-05-01T23:00:00.000Z,modifiedBy.imyzh@example.org
31304862-bc21-4aa4-9ff8-fbf49e0d77db,Nolan,Tran,junior,28668809-c653-4339-a60e-49757680dbb6,7,42534.3,2002-09-04,hu,13355817-fdde-41b3-9826-a3b9703ac933,Nolan.Tran@aldiiisey.com,2002-09-24T23:00:00.000Z,createdBy.imyzi@example.net,2003-02-28T23:00:00.000Z,modifiedBy.imyzi@example.net
31304863-c839-4614-b577-1cf3de5749a3,Amelia,Perez,junior,28668810-18c0-4f3b-a3ab-ae635717e3b1,57,7879.67,2009-11-13,hu,13355817-fdde-41b3-9826-a3b9703ac933,Amelia.Perez@aldiiisey.com,2020-01-10T23:00:00.000Z,createdBy.imyzj@example.org,2020-07-15T23:00:00.000Z,modifiedBy.imyzj@example.net
31304864-27db-4156-ad9c-70bc7d41d708,Vesper,Powell,junior,28668811-3231-4b42-a94c-2d63ffc2244f,77,25603.53,2011-05-17,hu,13355817-fdde-41b3-9826-a3b9703ac933,Vesper.Powell@aldiiisey.com,2020-06-04T23:00:00.000Z,createdBy.imyzk@example.net,2020-09-30T23:00:00.000Z,modifiedBy.imyzk@example.net
31304865-0a4c-46be-9f23-7128987af54a,Alexander,Cook,junior,28668812-d1d2-4d3a-9e4a-ee7ed1c830d1,18,62953.01,2003-11-16,hu,13355817-fdde-41b3-9826-a3b9703ac933,Alexander.Cook@aldiiisey.com,2015-07-04T23:00:00.000Z,createdBy.imyzl@example.net,2007-07-03T23:00:00.000Z,modifiedBy.imyzl@example.net
31304866-762f-44af-bdd8-6166495f615f,Nova,Mccarthy,junior,28668813-b7c7-4b36-9666-ab30cbd9cd16,100,80285.02,2021-02-24,hu,13355817-fdde-41b3-9826-a3b9703ac933,Nova.Mccarthy@aldiiisey.com,2021-07-11T23:00:00.000Z,createdBy.imyzm@example.net,2009-07-13T23:00:00.000Z,modifiedBy.imyzm@aldiiisey.com
31304867-8d45-4d0a-99ba-78a1b2a94ccb,Xenon,Ojunior,junior,28668814-c044-4b3e-a943-75ba8f9c3aa0,71,70916.21,2023-09-22,hu,13355817-fdde-41b3-9826-a3b9703ac933,Xenon.Ojunior@aldiiisey.com,2018-07-26T23:00:00.000Z,createdBy.imyzn@aldiiisey.com,2018-10-14T23:00:00.000Z,modifiedBy.imyzn@aldiiisey.com
31304868-e1cd-4bb4-9623-09f1f1f5cd4b,Tide,Jacobs,junior,28668815-0eb1-45b9-ad58-65ff8690be4b,60,69129.14,2014-08-03,hu,13355817-fdde-41b3-9826-a3b9703ac933,Tide.Jacobs@aldiiisey.com,2022-11-01T23:00:00.000Z,createdBy.imyzo@example.org,2018-06-13T23:00:00.000Z,modifiedBy.imyzo@aldiiisey.com
31304869-ff7b-42f1-9148-2ebf862ab228,Flicker,Steele,junior,28668816-32c6-44b4-a47d-10c2128185de,62,99415.8,2021-03-09,hu,13355817-fdde-41b3-9826-a3b9703ac933,Flicker.Steele@aldiiisey.com,2016-06-15T23:00:00.000Z,createdBy.imyzp@example.org,2012-05-07T23:00:00.000Z,modifiedBy.imyzp@example.net
31304870-97be-4e06-8673-936301503767,Zoe,Bailey,junior,28668817-b787-45b7-835c-da9024e5bf27,91,94222.8,2001-02-21,hu,13355817-fdde-41b3-9826-a3b9703ac933,Zoe.Bailey@aldiiisey.com,2002-04-03T23:00:00.000Z,createdBy.imyzq@example.net,2019-05-30T23:00:00.000Z,modifiedBy.imyzq@example.org
31304871-924a-461a-b56a-c28082e5cddf,Quest,Fletcher,junior,28668818-75fa-4a06-881b-7e8f285dffc8,81,7249.22,2020-10-20,hu,13355817-fdde-41b3-9826-a3b9703ac933,Quest.Fletcher@aldiiisey.com,2000-03-06T23:00:00.000Z,createdBy.imyzr@example.org,2010-05-02T23:00:00.000Z,modifiedBy.imyzr@aldiiisey.com
31304872-4004-4bd8-ac3e-c643f510d63e,Helix,Hanson,junior,28668819-b147-43ed-ac33-9eb8f99f15dd,60,58842.64,2013-10-10,hu,13355817-fdde-41b3-9826-a3b9703ac933,Helix.Hanson@aldiiisey.com,2003-08-17T23:00:00.000Z,createdBy.imyzs@example.org,2009-04-29T23:00:00.000Z,modifiedBy.imyzs@example.net
31304873-6c20-4fb6-9263-49458570c0d0,Zara,Higgins,junior,28668820-e998-444b-a22c-ef1738c566a0,85,43513.13,2003-11-23,hu,13355817-fdde-41b3-9826-a3b9703ac933,Zara.Higgins@aldiiisey.com,2010-11-10T23:00:00.000Z,createdBy.imyzt@example.net,2012-08-15T23:00:00.000Z,modifiedBy.imyzt@example.net
31304874-102c-4199-b7d0-e0906443dbd9,Drake,Cox,junior,28668825-fd54-45ed-8cbd-a4b7adda88f4,79,96.81,2016-01-16,hu,13355817-fdde-41b3-9826-a3b9703ac933,Drake.Cox@aldiiisey.com,2005-03-24T23:00:00.000Z,createdBy.imyzu@example.org,2019-03-11T23:00:00.000Z,modifiedBy.imyzu@example.org
31304875-d2b4-4315-821d-1d8a0a91b86f,Parker,Foster,junior,28668826-7e26-481b-bccf-add0afa493ce,51,26072.84,2023-07-01,hu,13355817-fdde-41b3-9826-a3b9703ac933,Parker.Foster@aldiiisey.com,2023-10-29T23:00:00.000Z,createdBy.imyzv@example.org,2003-02-18T23:00:00.000Z,modifiedBy.imyzv@example.org
31304876-7a26-4776-896a-7ebe5037b76a,Jett,Simmons,junior,28668827-cbf1-46d8-9480-a2cd3b7fd370,15,13125.9,2002-11-22,hu,13355817-fdde-41b3-9826-a3b9703ac933,Jett.Simmons@aldiiisey.com,2003-08-22T23:00:00.000Z,createdBy.imyzw@example.org,2001-12-04T23:00:00.000Z,modifiedBy.imyzw@example.org
31304877-b008-4905-ad47-8c399b044a0b,Vortex,Black,junior,28668828-18e6-4a5c-b226-c84b1085ecb9,62,27439.32,2012-08-21,hu,13355817-fdde-41b3-9826-a3b9703ac933,Vortex.Black@aldiiisey.com,2001-09-03T23:00:00.000Z,createdBy.imyzx@example.org,2016-06-14T23:00:00.000Z,modifiedBy.imyzx@example.org
31304878-f31c-4d83-8440-f46f9b98fdac,Nathan,Greene,junior,28668829-4ebd-474d-9f84-75009100d532,11,59101.06,2012-02-16,hu,13355817-fdde-41b3-9826-a3b9703ac933,Nathan.Greene@aldiiisey.com,2003-07-06T23:00:00.000Z,createdBy.imyzy@example.net,2006-06-23T23:00:00.000Z,modifiedBy.imyzy@aldiiisey.com
31304879-39a5-4bc9-b98a-ee67e01f980d,Madison,Wells,junior,28668806-9613-4716-bbcd-d08849a95869,74,66942.82,2013-06-05,hu,13355817-fdde-41b3-9826-a3b9703ac933,Madison.Wells@aldiiisey.com,2022-12-11T23:00:00.000Z,createdBy.imyzz@example.org,2012-08-17T23:00:00.000Z,modifiedBy.imyzz@example.org
31304880-1997-49a0-99cf-ecf1df2432bf,Sienna,Higgins,junior,28668807-88b9-4236-bba9-2a41f6efdd28,27,79356.29,2008-08-07,hu,13355817-fdde-41b3-9826-a3b9703ac933,Sienna.Higgins@aldiiisey.com,2005-04-11T23:00:00.000Z,createdBy.imz00@aldiiisey.com,2009-07-01T23:00:00.000Z,modifiedBy.imz00@example.org
31304881-69be-403e-aa33-e59ea59d0e48,Cascade,Mitchell,junior,28668808-a798-4da0-9658-20dab211ea36,39,94082.55,2015-06-30,hu,13355817-fdde-41b3-9826-a3b9703ac933,Cascade.Mitchell@aldiiisey.com,2009-10-05T23:00:00.000Z,createdBy.imz01@example.org,2012-04-16T23:00:00.000Z,modifiedBy.imz01@example.org
31304882-b504-430c-b263-ddc842888064,Blaze,Fisher,junior,28668809-c653-4339-a60e-49757680dbb6,38,42329.04,2020-07-30,hu,13355817-fdde-41b3-9826-a3b9703ac933,Blaze.Fisher@aldiiisey.com,2019-12-23T23:00:00.000Z,createdBy.imz02@example.net,2022-02-28T23:00:00.000Z,modifiedBy.imz02@aldiiisey.com
31304883-7c1b-4669-955e-e68f5ba023ae,Luna,Quinn,junior,28668810-18c0-4f3b-a3ab-ae635717e3b1,77,47730.27,2005-06-25,hu,13355817-fdde-41b3-9826-a3b9703ac933,Luna.Quinn@aldiiisey.com,2019-10-13T23:00:00.000Z,createdBy.imz03@aldiiisey.com,2021-02-01T23:00:00.000Z,modifiedBy.imz03@example.org
31304884-ae30-452f-b266-ad96d39587a8,Luxe,Price,junior,28668811-3231-4b42-a94c-2d63ffc2244f,35,64083.8,2023-04-10,hu,13355817-fdde-41b3-9826-a3b9703ac933,Luxe.Price@aldiiisey.com,2012-11-18T23:00:00.000Z,createdBy.imz04@example.org,2010-08-13T23:00:00.000Z,modifiedBy.imz04@example.net
31304885-1b1a-4ddd-a13f-dcc5f1e37fe6,Vortex,Lowe,junior,28668812-d1d2-4d3a-9e4a-ee7ed1c830d1,85,53606.84,2001-06-23,hu,13355817-fdde-41b3-9826-a3b9703ac933,Vortex.Lowe@aldiiisey.com,2000-07-21T23:00:00.000Z,createdBy.imz05@aldiiisey.com,2006-11-09T23:00:00.000Z,modifiedBy.imz05@example.org
31304886-80f0-4300-9db3-3f0de7490c52,Lily,Brown,junior,28668813-b7c7-4b36-9666-ab30cbd9cd16,11,82291.63,2005-05-19,hu,13355817-fdde-41b3-9826-a3b9703ac933,Lily.Brown@aldiiisey.com,2017-01-04T23:00:00.000Z,createdBy.imz06@aldiiisey.com,2009-02-18T23:00:00.000Z,modifiedBy.imz06@aldiiisey.com
31304887-8ccf-416d-84c9-1f4e20eb7d2a,Aurora,Kramer,junior,28668814-c044-4b3e-a943-75ba8f9c3aa0,95,42184.52,2006-01-27,hu,13355817-fdde-41b3-9826-a3b9703ac933,Aurora.Kramer@aldiiisey.com,2005-02-08T23:00:00.000Z,createdBy.imz07@example.net,2000-08-10T23:00:00.000Z,modifiedBy.imz07@example.org
31304888-bc28-4445-a478-a17b59674859,Elizabeth,Smith,junior,28668815-0eb1-45b9-ad58-65ff8690be4b,18,2363.95,2019-06-14,hu,13355817-fdde-41b3-9826-a3b9703ac933,Elizabeth.Smith@aldiiisey.com,2016-07-13T23:00:00.000Z,createdBy.imz08@example.net,2022-01-23T23:00:00.000Z,modifiedBy.imz08@example.org
31304889-c4e2-4393-a81d-8fa35bc0a136,Drake,Walker,junior,28668816-32c6-44b4-a47d-10c2128185de,94,34394.13,2014-12-01,hu,13355817-fdde-41b3-9826-a3b9703ac933,Drake.Walker@aldiiisey.com,2003-07-27T23:00:00.000Z,createdBy.imz09@example.org,2014-05-30T23:00:00.000Z,modifiedBy.imz09@aldiiisey.com
31304890-f81c-4971-b8dd-39150bec92da,Nova,Yang,junior,28668817-b787-45b7-835c-da9024e5bf27,43,16155.96,2016-03-30,hu,13355817-fdde-41b3-9826-a3b9703ac933,Nova.Yang@aldiiisey.com,2021-07-21T23:00:00.000Z,createdBy.imz0a@example.net,2001-01-01T23:00:00.000Z,modifiedBy.imz0a@example.org
31304891-e010-49d9-963f-d860754511a0,Drake,Nicholson,junior,28668818-75fa-4a06-881b-7e8f285dffc8,14,4881.15,2004-05-08,hu,13355817-fdde-41b3-9826-a3b9703ac933,Drake.Nicholson@aldiiisey.com,2012-05-14T23:00:00.000Z,createdBy.imz0b@example.org,2017-06-14T23:00:00.000Z,modifiedBy.imz0b@example.org
31304892-273b-47e7-aae4-cec96e8da693,Kaleido,Yoder,junior,28668819-b147-43ed-ac33-9eb8f99f15dd,12,95067.77,2017-09-17,hu,13355817-fdde-41b3-9826-a3b9703ac933,Kaleido.Yoder@aldiiisey.com,2006-08-04T23:00:00.000Z,createdBy.imz0c@aldiiisey.com,2011-05-30T23:00:00.000Z,modifiedBy.imz0c@example.net
31304893-6f59-4e93-bc5d-17e21e73e7c7,Onyx,Jacobson,junior,28668820-e998-444b-a22c-ef1738c566a0,66,26787.73,2009-03-13,hu,13355817-fdde-41b3-9826-a3b9703ac933,Onyx.Jacobson@aldiiisey.com,2017-11-02T23:00:00.000Z,createdBy.imz0d@aldiiisey.com,2004-07-23T23:00:00.000Z,modifiedBy.imz0d@example.net
31304894-d68e-4069-bf64-915fd0415289,Kaleido,Rivera,junior,28668825-fd54-45ed-8cbd-a4b7adda88f4,13,85999.94,2016-01-24,hu,13355817-fdde-41b3-9826-a3b9703ac933,Kaleido.Rivera@aldiiisey.com,2018-11-14T23:00:00.000Z,createdBy.imz0e@example.org,2013-07-01T23:00:00.000Z,modifiedBy.imz0e@aldiiisey.com
31304895-3297-4f92-bb63-24bf0267b89e,Isabella,Washington,junior,28668826-7e26-481b-bccf-add0afa493ce,54,59362.35,2019-12-01,hu,13355817-fdde-41b3-9826-a3b9703ac933,Isabella.Washington@aldiiisey.com,2012-07-11T23:00:00.000Z,createdBy.imz0f@example.org,2003-02-16T23:00:00.000Z,modifiedBy.imz0f@aldiiisey.com
31304896-6b1b-4fb7-ba96-9c30ea52f576,Lunar,Hayes,junior,28668827-cbf1-46d8-9480-a2cd3b7fd370,82,80912.35,2013-12-06,hu,13355817-fdde-41b3-9826-a3b9703ac933,Lunar.Hayes@aldiiisey.com,2018-12-24T23:00:00.000Z,createdBy.imz0g@example.net,2007-05-05T23:00:00.000Z,modifiedBy.imz0g@aldiiisey.com
31304897-e382-4ffd-bd39-17e64767b8c9,Willow,Brown,junior,28668828-18e6-4a5c-b226-c84b1085ecb9,69,89554.3,2013-02-03,hu,13355817-fdde-41b3-9826-a3b9703ac933,Willow.Brown@aldiiisey.com,2004-06-01T23:00:00.000Z,createdBy.imz0h@example.org,2004-09-16T23:00:00.000Z,modifiedBy.imz0h@aldiiisey.com
31304898-c1f0-49e9-905b-f680c7e86399,Vance,Hill,junior,28668829-4ebd-474d-9f84-75009100d532,86,7544.84,2012-05-13,hu,13355817-fdde-41b3-9826-a3b9703ac933,Vance.Hill@aldiiisey.com,2023-10-09T23:00:00.000Z,createdBy.imz0i@example.net,2009-02-05T23:00:00.000Z,modifiedBy.imz0i@aldiiisey.com
31304899-e664-4fec-a40c-4a405b992e61,Grace,Higgins,candidate,28668806-9613-4716-bbcd-d08849a95869,88,58730.26,2016-03-10,hu,14708049-f8b2-4417-8b57-2e5348c95fba,Grace.Higgins@aldiiisey.com,2020-06-29T23:00:00.000Z,createdBy.imz0j@example.net,2020-08-26T23:00:00.000Z,modifiedBy.imz0j@example.org
31304900-2175-46d7-a46e-ddddde5e854d,Xenith,Zheng,candidate,28668807-88b9-4236-bba9-2a41f6efdd28,18,37150.54,2022-01-20,hu,14708049-f8b2-4417-8b57-2e5348c95fba,Xenith.Zheng@aldiiisey.com,2000-08-09T23:00:00.000Z,createdBy.imz0k@example.net,2022-10-14T23:00:00.000Z,modifiedBy.imz0k@aldiiisey.com
31304901-7ba9-43d1-a01b-8b356ec8abec,Wren,Santiago,candidate,28668808-a798-4da0-9658-20dab211ea36,100,19230.5,2021-06-28,hu,14708049-f8b2-4417-8b57-2e5348c95fba,Wren.Santiago@aldiiisey.com,2007-04-26T23:00:00.000Z,createdBy.imz0l@example.org,2013-09-29T23:00:00.000Z,modifiedBy.imz0l@example.org
31304902-e8a4-4acc-bc25-a9f538162f61,Orbit,Gibson,candidate,28668809-c653-4339-a60e-49757680dbb6,60,74734.17,2009-12-20,hu,14708049-f8b2-4417-8b57-2e5348c95fba,Orbit.Gibson@aldiiisey.com,2007-12-29T23:00:00.000Z,createdBy.imz0m@example.net,2007-08-19T23:00:00.000Z,modifiedBy.imz0m@aldiiisey.com
31304903-5aeb-40c8-94d5-90c44ccb7336,Sage,Zimmer,candidate,28668810-18c0-4f3b-a3ab-ae635717e3b1,9,43815.56,2014-04-06,hu,14708049-f8b2-4417-8b57-2e5348c95fba,Sage.Zimmer@aldiiisey.com,2010-08-26T23:00:00.000Z,createdBy.imz0n@example.net,2013-04-21T23:00:00.000Z,modifiedBy.imz0n@aldiiisey.com
31304904-3f3d-4b8e-b0d0-a34258089cc5,Kinetic,Ferguson,candidate,28668811-3231-4b42-a94c-2d63ffc2244f,71,38651.84,2017-05-30,hu,14708049-f8b2-4417-8b57-2e5348c95fba,Kinetic.Ferguson@aldiiisey.com,2016-11-16T23:00:00.000Z,createdBy.imz0o@example.net,2017-06-28T23:00:00.000Z,modifiedBy.imz0o@example.net
31304905-b500-4abe-bb6e-85c8dfbaffa0,Jett,Mcdonald,candidate,28668812-d1d2-4d3a-9e4a-ee7ed1c830d1,75,79721.71,2010-01-08,hu,14708049-f8b2-4417-8b57-2e5348c95fba,Jett.Mcdonald@aldiiisey.com,2010-12-07T23:00:00.000Z,createdBy.imz0p@example.org,2014-05-21T23:00:00.000Z,modifiedBy.imz0p@example.org
31304906-5f14-4155-bd65-713b4e4651da,Ethan,Larson,candidate,28668813-b7c7-4b36-9666-ab30cbd9cd16,71,37847.69,2009-02-05,hu,14708049-f8b2-4417-8b57-2e5348c95fba,Ethan.Larson@aldiiisey.com,2016-10-05T23:00:00.000Z,createdBy.imz0q@example.org,2020-05-20T23:00:00.000Z,modifiedBy.imz0q@example.net
31304907-fd5d-4ff2-9e6c-eed72ad7711c,Leah,Jacobs,candidate,28668814-c044-4b3e-a943-75ba8f9c3aa0,0,56973.97,2009-03-04,hu,14708049-f8b2-4417-8b57-2e5348c95fba,Leah.Jacobs@aldiiisey.com,2015-03-06T23:00:00.000Z,createdBy.imz0r@example.org,2021-01-18T23:00:00.000Z,modifiedBy.imz0r@example.org
31304908-ab62-473b-a87d-233021e99f55,Xenial,Tucker,candidate,28668815-0eb1-45b9-ad58-65ff8690be4b,27,94146.62,2007-01-13,hu,14708049-f8b2-4417-8b57-2e5348c95fba,Xenial.Tucker@aldiiisey.com,2020-11-05T23:00:00.000Z,createdBy.imz0s@example.net,2001-01-31T23:00:00.000Z,modifiedBy.imz0s@aldiiisey.com
31304909-3421-4e55-ba48-7e392d14d6cc,Mirage,Jacobs,candidate,28668816-32c6-44b4-a47d-10c2128185de,45,83492.79,2005-04-30,hu,14708055-6547-455d-a238-532c31e09615,Mirage.Jacobs@aldiiisey.com,2014-06-04T23:00:00.000Z,createdBy.imz0t@example.org,2008-09-29T23:00:00.000Z,modifiedBy.imz0t@example.org
31304910-930b-42e7-99eb-3c128774ecbb,Flux,Vinson,candidate,28668817-b787-45b7-835c-da9024e5bf27,31,74337.96,2000-10-13,hu,14708055-6547-455d-a238-532c31e09615,Flux.Vinson@aldiiisey.com,2021-04-03T23:00:00.000Z,createdBy.imz0u@example.net,2019-01-16T23:00:00.000Z,modifiedBy.imz0u@example.org
31304911-fefc-44b2-94e3-db4acbec9190,Kineti,Underwood,candidate,28668818-75fa-4a06-881b-7e8f285dffc8,26,98039.38,2015-04-16,hu,14708055-6547-455d-a238-532c31e09615,Kineti.Underwood@aldiiisey.com,2016-08-04T23:00:00.000Z,createdBy.imz0v@example.org,2011-09-04T23:00:00.000Z,modifiedBy.imz0v@example.org
31304912-0a67-4fcb-855c-ab16a1240608,Caleb,Quinn,candidate,28668819-b147-43ed-ac33-9eb8f99f15dd,78,11995.17,2022-04-11,hu,14708054-8179-421d-a88f-11fd0e9e5d32,Caleb.Quinn@aldiiisey.com,2018-03-17T23:00:00.000Z,createdBy.imz0w@example.net,2012-04-08T23:00:00.000Z,modifiedBy.imz0w@aldiiisey.com
31304913-4296-43c8-8005-260c0a0542bc,Xenon,Kennedy,candidate,28668820-e998-444b-a22c-ef1738c566a0,64,2018.7,2022-06-14,hu,14708054-8179-421d-a88f-11fd0e9e5d32,Xenon.Kennedy@aldiiisey.com,2020-01-24T23:00:00.000Z,createdBy.imz0x@example.org,2010-06-10T23:00:00.000Z,modifiedBy.imz0x@aldiiisey.com
31304914-526a-4f2c-9211-e51e112376cc,Kaleidoscope,Scott,candidate,28668825-fd54-45ed-8cbd-a4b7adda88f4,83,50039.83,2004-11-05,hu,14708052-7e67-42ec-a87f-1b2b13af25f9,Kaleidoscope.Scott@aldiiisey.com,2010-07-21T23:00:00.000Z,createdBy.imz0y@example.net,2001-09-27T23:00:00.000Z,modifiedBy.imz0y@example.org
31304915-6991-4ca6-a759-41ff5fdcef2b,Asher,Yates,candidate,28668826-7e26-481b-bccf-add0afa493ce,9,31200.42,2004-12-21,hu,14708052-7e67-42ec-a87f-1b2b13af25f9,Asher.Yates@aldiiisey.com,2005-03-01T23:00:00.000Z,createdBy.imz0z@example.org,2014-06-05T23:00:00.000Z,modifiedBy.imz0z@example.org
31304916-47eb-4a98-b48f-d453f559f418,Milo,Zhao,candidate,28668827-cbf1-46d8-9480-a2cd3b7fd370,14,78859.65,2023-05-01,hu,14708052-7e67-42ec-a87f-1b2b13af25f9,Milo.Zhao@aldiiisey.com,2006-07-21T23:00:00.000Z,createdBy.imz10@example.org,2002-11-28T23:00:00.000Z,modifiedBy.imz10@example.org
31304917-aae2-413e-8050-ee1e80d68f1c,Ethan,Hayes,candidate,28668828-18e6-4a5c-b226-c84b1085ecb9,58,26668.83,2011-04-27,hu,14708049-f8b2-4417-8b57-2e5348c95fba,Ethan.Hayes@aldiiisey.com,2013-11-03T23:00:00.000Z,createdBy.imz11@example.org,2020-04-06T23:00:00.000Z,modifiedBy.imz11@example.net
31304918-7a00-46cc-bba3-b227c167ab74,Mateo,Manning,candidate,28668829-4ebd-474d-9f84-75009100d532,18,82562.3,2021-05-19,hu,14708049-f8b2-4417-8b57-2e5348c95fba,Mateo.Manning@aldiiisey.com,2019-11-18T23:00:00.000Z,createdBy.imz12@example.org,2001-12-19T23:00:00.000Z,modifiedBy.imz12@example.net
31304918-7a00-46cc-bba3-b227c167ab75,Deletable,User1,candidate,28668829-4ebd-474d-9f84-75009100d532,18,82562.3,2021-05-19,hu,14708049-f8b2-4417-8b57-2e5348c95fba,Mateo.Manning@aldiiisey.com,2019-11-18T23:00:00.000Z,createdBy.imz12@example.org,2001-12-19T23:00:00.000Z,modifiedBy.imz12@example.net
31304918-7a00-46cc-bba3-b227c167ab76,Deletable,User2,candidate,28668829-4ebd-474d-9f84-75009100d532,18,82562.3,2021-05-19,hu,14708049-f8b2-4417-8b57-2e5348c95fba,Mateo.Manning@aldiiisey.com,2019-11-18T23:00:00.000Z,createdBy.imz12@example.org,2001-12-19T23:00:00.000Z,modifiedBy.imz12@example.n
